,HD,HIP,P (yr),P_err (yr),a (mas),a_err (mas),e,e_err,i (deg),i_err (deg),w (deg),w_err (deg),bigw (deg),bigw_err (deg),T (mjd),T_err (mjd),residual (micro-as),binary_separation (mas),HIP_distance (pc),HIP_distance_err (pc),Gaia_distance (pc),Gaia_distance_err (pc),a_HIP (au),a_HIP_err (au),a_Gaia (au),a_Gaia_err (au),Mdyn_HIP (Msun),Mdyn_HIP_err (Msun),Mdyn_Gaia (Msun),Mdyn_Gaia_err (Msun),Mdyn_over_d3 (x10e-6),Mdyn_over_d3_err (x10e-6),triple,SpType (primary?),dmag_speckle_v,dmag_speckle_v_err,dmag_speckle_i,dmag_speckle_i_err,dmag_wds_v,dmag_wds_v_err,dmag_h,dmag_h_err,dmag_k,dmag_k_err,M1_ph,M2_ph,Msum_ph,Diameters,complete vsini,vsini,Gaia vsini,Gaia Teff,Gaia e_plx,Gaia Fe/H,Gaia Dist,Complete[Fe/H],G-C [Fe/H],Av,kerv_dist,e_kerv,Teff_bibcode,Teff
0,1976,1921,178.1851259,4.156222562,216.6977252,3.962871728,0.186905661,0.011098309,64.11200392,0.550678847,311.8807833,4.253013942,27.86960673,0.443592669,34502.24592,635.9821582,122.69,122.2392318,306.7484672,59.27961148,406.1573454,54.43805259,,,,,,,,,0.320885697,0.007115978,y,B5IV,0.88,0.15,0.89,0.15,0.87,0.04,1.2,0.3,,,,,,0.176,130,130,,15002.3,0.330000013,0.0045,390.9003,0.0045,,0.147,306.7484663,0.63,2010ApJ...722..605H,15010
1,2772,2505,222.1719747,2.046509484,618.922598,3.922421483,0.882102844,0.001078152,65.57608961,0.052424852,101.1778156,0.06055633,38.14243221,0.095918685,57712.2703,1.642997905,63.04,196.0628481,115.7407361,5.760244837,134.6384285,11.06503031,,,,,,,,,4.803495322,0.022249783,,B8Vn,0.11,0.15,0.17,0.15,0.22,0.08,0.76,0.17,,,3.92,2.75,6.67,0.285,220,220,,11216.6,0.610400021,0.4411,190.0325,0.4411,,0.067,115.7407407,0.43,2005A&A...444..941P,12246
2,5143,4176,59.63214008,0.533924584,234.1741196,2.360546356,0.434821721,0.006251951,73.21513768,0.324855921,358.1273238,0.927480403,221.6575581,0.212826747,56148.57547,65.89544954,2207.54,105.2267712,125.9445835,11.57928812,103.06622,1.799476253,,,,,,,,,3.618549122,0.089628451,y,F0V,1.21,0.15,1.04,0.15,1.18,0.23,,,0.98,0.14,,,,0.223,14.9129,,14.9129,6813,0.169400007,-0.6933,109.2363,-0.6933,0.02,0.054,125.9445844,0.73,2011A&A...530A.138C,6886
3,6456,5131,14.53695374,0.015403761,115.6031815,0.063961672,0.5195018,0.000487736,77.60390835,0.011080662,305.0325161,0.06722012,135.0564824,0.006975213,54288.95841,5.83546502,22.32,69.63579776,84.31703448,4.834366417,,,,,,,,,,,7.310869272,0.00616441,,A1Vn,0.81,0.15,0.7,0.15,0.88,0.22,0.8,0.19,,,2.05,1.93,3.98,0.291,255,255,322.8001,9425.6,0.603799999,-0.46,99.6366,-0.46,,0,87.88890842,0.088,2022MNRAS.517.2925C,9371
4,10453,7916,536.5388653,31.37218476,2290.670034,72.32472874,0.901486177,0.003552801,82.39897175,0.107978299,172.1080898,0.471635961,87.51346248,0.115562141,57094.02196,28.3615532,20.07,124.3554249,39.44773116,1.058163987,,,,,,,,,,,41.36277301,0.861865914,,F5V,1.17,0.15,1.04,0.15,1.15,0.26,0.96,0.06,,,1.33,1,2.33,0.478,14,14,,,,,,-0.38,-0.38,0,39.44773176,0.68,2003AJ....125.1598L,6457
5,11031,8475,35.59640971,0.12123037,123.7056223,1.262133187,0.235249488,0.015702256,36.46674152,1.988684215,359.9999981,8.884223578,25.15918952,4.190215428,53264.26057,241.9464533,66.08,152.6524328,127.5510179,16.59464711,,,,,,,,,,,1.488482164,0.050597729,,A3V,2.97,0.15,2.49,0.15,,,2.49,0.11,,,,,,0.263,40,40,,10406.6,0.1228,-1.0662,140.3914,-1.0662,,0.065,127.5510204,1.02,2012A&A...537A.120Z,8995
6,16753,12466,316.8459193,26.22006521,405.4633694,19.98483316,0.839573645,0.008026945,141.9465677,0.663862781,81.33450291,2.866742843,236.077237,2.409208787,57752.8851,23.83820268,749.72,119.6823966,188.3239192,28.72737789,198.3457961,3.072536511,,,,,,,,,0.663128877,0.011934706,,F5V,0.66,0.15,0.69,0.15,0.6,0.12,,,0.79,0.03,1.98,1.81,3.79,0.22,30,30,25.2934,,0.078100003,,,0.11,0.11,0.043,188.3239171,0.81,2011A&A...530A.138C,6515
7,17094,12828,33.46807655,0.132549205,538.5979764,1.504670946,0.921804752,0.000324598,95.61095488,0.011457834,258.3869269,0.01426538,238.7472037,0.005975651,58609.77705,0.102580349,54.76,311.6127581,25.77319638,0.212562444,26.6011215,0.1726592,,,,,,,,,139.4891529,0.207457904,,A9IIIp,3.88,0.15,3.33,0.15,3.38,0.19,2.93,0.28,,,,,,0.793486,40,40,,,,,,,,0,26.60140455,0.244,2003AJ....126.2048G,7225
8,27176,20087,11.34953012,0.004078108,134.2248675,0.181497462,0.16471473,0.002200606,124.0946137,0.140825341,336.7603241,0.321554683,350.3038814,0.065111801,43397.33308,6.992079624,48.06,103.6867231,54.05405405,1.46092038,51.26811687,0.628718007,,,,,,,,,18.77189305,0.071848131,,F0V,,,,,2.03,0.35,1.9,0.18,,,,,,0.40734,91.2,91.2,87.7849,,0.239199996,,,,,0,51.26890541,0.239,2012A&A...537A.120Z,7328
9,29316,21730,26.58989938,0.064585039,190.8957539,2.330602912,0.8851823,0.004858082,135.3283518,0.288429097,60.18697816,1.767514673,28.55417246,1.828222691,47488.33615,18.77391184,204.39,265.914519,44.46420677,9.272438168,66.25236852,1.639432015,,,,,,,,,9.732836679,0.3226085,,A8V,1.38,0.15,1.29,0.15,1.22,0.21,1.84,0.21,,,,,,0.45,125,125,,,0.37349999,,,0.11,0.11,0,66.25149066,0.373,2012A&A...537A.120Z,7031
10,29573,21644,47.34698406,1.276329718,264.8881993,18.60792601,0.765849465,0.019596943,73.33990198,1.211118512,283.6866489,1.275876846,154.9508107,0.977087627,53427.53118,182.8308687,1006.86,132.3883641,71.32667385,2.747247086,70.25037233,1.804277925,,,,,,,,,10.76685524,1.988001869,y,A0V,2.44,0.15,1.63,0.15,1.84,0.16,1.52,0.08,1.51,0.1,,,,0.324,31,31,,9353.1,0.36559999,0.3776,74.7299,0.3776,,0,70.24938532,0.366,2012A&A...537A.120Z,8892
11,31093,22573,42.58136013,0.201135766,227.0359711,6.628435273,0.821553909,0.010496158,111.0752996,0.692371467,292.6070965,0.831242181,199.495864,0.691140498,53871.06309,44.38644296,105.89,175.7623494,82.16926818,2.768233315,,,,,,,,,,,6.448063931,0.534620297,,A2/3V,0.67,0.15,,,0.77,0.14,,,0.51,0.11,,,,0.269,196.8,196.8,226.1787,,,,,,,0,82.16926869,0.41,2006A&A...458..293P,9205
12,31297,22812,85.41963993,0.929729639,242.9569941,3.089703099,0.525523363,0.005091689,120.0288961,0.520274117,308.8492065,0.503708014,218.2357345,0.720975006,53092.55896,103.2091043,610.08,142.9520969,124.5330054,11.32118298,,,,,,,,,,,1.967071578,0.049259692,y,F2IV/V,0.81,0.15,0.71,0.15,0.27,0.17,0.65,,0.32,0.16,,,,0.334,22,22,,,,,,0.2,0.2,0.031,124.5330012,0.73,2011A&A...530A.138C,6625
13,34319,24560,11.12178448,0.083534803,34.68169458,0.29772284,0.90156579,0.002521224,70.34485016,0.167074969,208.5353792,1.207491265,43.39634926,0.428555125,46167.28569,88.54316288,18.5,59.14171129,228.3104963,23.45655661,259.2621399,2.487023749,,,,,,,,,23.62704543,18.88828749,,A2/3V,1.16,0.15,2.06,0.15,0.73,0.19,2.88,0.03,,,,,,0.447,100,100,9.7163,,0.037,,,,,0.078,256.0819462,0.038,2018A&A...616A...1G,5489
14,36058,25667,2125.622649,140.0864183,1215.881338,59.7638745,0.875923554,0.008350387,48.6391475,0.633300646,344.7393087,0.808232102,250.2120366,1.172902796,49727.28597,122.1456156,128.21,197.0429652,244.4987684,37.06338188,,,,,,,,,,,0.388361675,0.007966426,,B9V,0.39,0.15,0.4,0.15,0.48,0.13,,,0.62,0.12,,,,0.171,190,190,,,,,,,,0.084,253.35698,0.137,2006A&A...458..293P,10385
15,37269,26536,52.49546547,0.106000494,149.6066176,0.250230826,0.649346824,0.003465073,125.5089284,0.170821511,309.2396994,0.418435382,127.203426,0.337931111,42380.97683,30.5219432,73.37,100.9812609,173.6111042,193.5040378,,,,,,,,,,,1.215114973,0.005633997,,A2.5V+F6III,0.4,0.15,1.35,0.15,0.34,0.19,2.38,0.17,,,,,,0.61,5.1,5.1,6.8459,,,,,,,0.134,167.3920321,0.072,2018A&A...616A...1G,6218
16,37711,26777,123.240251,7.499724053,210.0305434,7.46926527,0.778063818,0.011298763,69.3616146,0.759125876,334.3136964,4.515792722,64.1503753,0.787877635,61136.67398,40.74144303,73.53,36.2098418,194.9317695,30.77869986,723.0135204,306.7488386,,,,,,,,,0.609748414,0.011485153,y,B3IV,1.49,0.15,1.48,0.15,1.64,0.15,1.78,0.21,,,,,,0.212,105,105,,,0.586799979,,,,,0.13,194.9317739,0.81,1995A&AS..110..553S,19470
17,38545,27316,20.94936492,0.079809837,100.5167496,0.909611044,0.742181426,0.011183512,93.92271838,0.150126555,191.753176,1.783089117,193.6045318,0.106386124,69353.72752,73.21116568,123.12,109.9030552,104.1666625,9.223089803,,,,,,,,,,,2.313587879,0.052958645,,A3Vn,0.66,0.15,0.73,0.15,0.65,0.05,,,0.96,0.04,,,,0.284,175,175,,,,,,-0.3,,0.066,123.5483074,0.031,1993A&A...277..139S,8970
18,38769,27410,60.03456668,0.326383447,139.3055399,0.315902437,0.470791626,0.002639811,23.13712137,0.506209161,339.2161039,2.884996071,28.82115106,2.38470831,38575.73481,127.1195791,27.35,73.18191396,176.3668407,32.03841947,,,,,,,,,,,0.75010355,0.005433847,,F2V,0.07,0.15,0.13,0.15,0.28,0.04,,,0.09,0.06,,,,0.242,190,190,,,0.232099995,,,-0.05,-0.05,0.063,104.1666667,0.85,2019A&A...627A.138A,6819
19,40932,28614,18.55611224,0.028246617,239.4649769,1.997477628,0.774687143,0.006437008,98.76780549,0.175273003,209.1289259,0.705077229,26.14470995,0.159674175,52721.19746,13.02335191,497.15,134.776984,47.50593996,1.534633762,,,,,,,,,,,39.88487677,1.022373089,,A1Vm+F2V,1.95,0.15,1.25,0.15,1.5,0.4,1.69,0.31,,,,,,0.639,18,18,,,,,,-0.1,,0,47.50593824,0.68,2016A&A...589A..83G,7600
20,41040,28691,13.01128861,0.134387911,47.56364359,2.961791008,0.751009949,0.016345587,113.8959069,5.213407616,302.858099,4.084033658,231.9357833,2.565878729,44506.44757,139.4575944,45.43,29.7926136,220.264319,14.06974696,262.1575567,16.96172144,,,,,,,,,0.617291099,0.122447021,,B8V,1.16,0.15,1.01,0.15,1.3,0.4,0.92,0.2,,,,,,0.245994,140,140,,12415.2,0.246800005,-0.9391,268.2023,-0.9391,,0.198,220.2643172,0.29,2010ApJ...722..605H,12905
21,43358,29746,29.49563386,0.035420318,166.5101898,0.352116738,0.383485578,0.002372237,13.21514152,0.868158806,23.16451889,2.42500184,9.96E-09,2.372275158,38992.28884,27.6166276,72.59,111.492794,96.24638758,5.558020494,,,,,,,,,,,5.295981578,0.038703039,,F3V,,,,,0.2,0.3,1.09,0.18,,,,,,0.366,45,45,,,,,,-0.04,-0.04,0,96.24639076,0.6,2011A&A...530A.138C,6521
22,43525,29850,9.18378659,0.004003504,91.40074752,0.021167441,0.237494548,0.000278144,58.95271214,0.020099518,305.413761,0.127086262,124.495712,0.02243723,49147.72036,4.771935256,12.48,68.54710204,69.10849907,1.623834796,82.5314032,2.253221854,,,,,,,,,9.053167213,0.007075049,,A2V,,,,,0.27,0.21,0.33,0.15,,,,,,0.311437,225,225,,8315.6,0.330799997,-0.5187,77.7588,-0.5187,,0,82.52867872,0.331,2012A&A...537A.120Z,8730
23,45542,30883,19.09905888,0.067933122,86.11994684,0.993443306,0.147573709,0.025610127,76.53028787,0.276553322,223.9324628,11.06538857,122.7405093,0.543393477,48756.05895,235.6243891,806.35,36.27826562,166.9449146,7.803769292,224.8454188,22.29495963,,,,,,,,,1.761250247,0.055639035,y,B6IVe,0.68,0.15,0.64,0.15,0.59,0.28,0.71,0.31,,,,,,0.338,160,160,,12484.6,0.441000015,-1.4197,177.4435,-1.4197,,0.136,166.9449082,0.28,2018A&A...616A...1G,7876
24,46273,30953,53.23926541,0.254596299,412.421427,23.35103926,0.968238667,0.003058861,159.3176039,5.090217002,94.97100377,8.946747164,184.3103605,10.31738266,39910.65376,90.41971114,79.82,188.9374032,51.4403278,1.746430904,,,,,,,,,,,26.47837505,5.486521208,,F2V,0.12,0.15,0.16,0.15,0.27,0.14,,,0.06,0.07,,,,0.512,175,175,,,,,,-0.3,-0.03 or 0.18,0,51.44032922,0.66,2011A&A...530A.138C,6805
25,47105,31681,13.10071463,0.139983466,265.9491579,9.191311638,0.882095855,0.013273141,105.1891585,0.346642373,316.7779145,2.591823373,67.88637954,0.961774648,57843.87354,10.49452907,457.96,355.8997415,33.51206417,2.504420354,,,,,,,,,,,106.362595,11.67182551,,A1.5V,4.82,0.15,4.13,0.15,4.3,1.3,4.02,0.4,,,,,,1.437867,10,10,,,,,,-0.12,,0,33.51206434,2.23,2016A&A...589A..83G,9100
26,48581,32140,221.5383349,772.3252384,301.9707346,290.5342745,0.528281079,0.029127057,93.99212663,2.972388438,98.72845749,21.17901637,357.675272,2.373358577,63003.21855,602.7638589,158.03,101.6165136,161.550887,12.26638385,153.05732,12.78386494,,,,,,,,,0.402425773,0.099721134,y,F0V,1.39,0.15,1.45,0.15,1.42,0.11,,,1.87,0.15,,,,0.244,,,,7104.3,0.545700014,-0.5479,170.9371,-0.5479,,0.062,33.51206434,2.23,2018A&A...616A...1G,7134
27,49643,32698,61.01290363,0.638766911,153.2469105,0.650756834,0.278,0.011127858,110.7761742,0.266288954,72.62613626,1.164676867,240.3228874,0.248738786,40501.36247,226.7343057,28.4,131.644435,176.0563433,16.42779221,397.8674306,130.9286797,,,,,,,,,0.9645749,0.026084631,,B8V,0.8,0.15,0.77,0.15,0.86,0.05,,,0.77,0.1,,,,0.188,255,255,,,0.827099979,,,,,0.067,176.056338,0.53,2018A&A...616A...1G,8765
28,60107,36760,117.4700992,2.36140065,376.23452,20.29990617,8.54E-01,0.019105222,84.70340938,0.273857417,267.192972,0.446428754,96.80715948,0.399898037,51207.79716,127.8766462,185.21,203.3428347,129.8701331,4.553888077,141.8681194,5.796449981,,,,,,,,,3.594514302,0.527304192,,A1Vn,2.47,0.15,2.28,0.15,2.18,0.22,2.81,0.14,3.39,0.04,,,,0.333,140,140,,,0.287999988,,,,,0.035,123.4567901,0.059,2012A&A...537A.120Z,9204
29,64235,38474,31.52879921,0.021899051,329.5093698,0.168050378,0.654,0.000286956,77.22404278,0.025527786,121.7272686,0.074942764,185.4538777,0.01175331,47620.36371,8.131002952,74.72,162.0009164,39.7140583,1.372169598,42.05444368,0.447272937,,,,,,,,,35.99028494,0.043355651,,F5IV,,,,,1.14,0.06,1.08,0.27,,,,,,0.444,35,35,,,0.252900004,,,0.03,0.03,0,42.36929074,0.018,2011A&A...530A.138C,6744
30,75974,43683,91.46954846,3.594520366,175.0025525,2.239676918,0.377342699,0.032459679,74.92604466,0.403196932,213.6928131,4.754373904,38.50893785,0.601548035,33474.83155,1165.454666,21.84,50.66904777,164.7446411,26.05516433,209.4986697,3.778902408,,,,,,,,,0.571219736,0.033614208,,F8,0.86,0.15,1.37,0.15,0.46,0.15,2.05,0.11,,,,,,0.476,7.0609,,7.0609,,0.086099997,,,0.9,0.9,0.066,164.7446458,0.96,2011A&A...530A.138C,5946
31,78316,44798,937.838635,704.6984491,894.414431,391.1886731,0.837698721,0.037490082,80.57346379,0.518681638,257.7008635,5.022634668,291.5067433,0.22433943,59973.7629,265.9890291,208.65,39.89354902,162.8664531,6.896624945,187.9381308,4.58463242,,,,,,,,,0.828539924,0.033024044,,B8IIImnp,,,3.31,0.15,3.42,0.17,2.93,0.19,,,,,,0.238167,15,15,,12426.2,0.129800007,-0.6533,206.0399,-0.6533,,0.066,186.4975755,0.149,1976IAUCo..32..521K,14400
32,82446,46776,6.017594447,0.00090587,32.10124636,0.005953906,0.472733316,8.89E-05,170.1696602,0.078752725,269.0148398,0.397226198,307.4224394,0.4002927,59244.79341,0.031455644,15.24,42.18755782,158.7301539,18.14058919,181.4256427,9.104362082,,,,,,,,,0.91373283,0.000602198,,A2V,0.35,0.15,0.67,0.15,0.37,0.17,0.85,0.13,,,,,,0.498793,65,65,58.9429,,0.276600003,,,,,0.067,185.2537977,0.045,2012A&A...537A.120Z,8933
33,87652,49394,146.9508592,5.978253169,304.3002435,3.46846815,0.50458994,0.029666865,68.23851464,0.830610192,14.50941788,6.179261266,90.85172471,1.259582134,64169.30712,181.4995398,114.08,112.7053034,175.1313473,17.17575381,,,,,,,,,,,1.297796807,0.131014898,,B8/9III,,,,,0.43,0.04,,,0.34,0.09,,,,0.159,20.4472,,20.4472,,0.219400004,,,,,0.07,175.1313485,0.56,2018A&A...616A...1G,8765
34,87822,49658,17.63886772,0.017384219,155.0951602,0.486816291,0.399149758,0.003118721,84.47514553,0.041190577,189.0668052,0.592049275,349.3580194,0.034566161,54023.58691,10.11796412,20.27,62.98279507,61.23698743,1.574986775,,,,,,,,,,,11.99182504,0.122061742,,F4V,,,,,0.43,0.2,0.86,0.09,,,,,,0.378669,10,10,,,,,,0.11,0.11,0,62.41807627,0.019,2018ApJS..238...29P,6573
35,107259,60129,13.11841854,0.009289003,129.2054132,0.281136321,0.096853326,0.004579152,45.59092024,0.30370999,44.13210382,2.802928314,167.6673381,0.498641293,48406.49586,29.04116847,1213.2,137.0848792,81.36696526,2.979262287,75.93475686,4.241533786,,,,,,,,,12.53706421,0.083290486,,A2IV,,,,,2.14,0.15,1.92,0.38,,,,,,0.567293,14.5,14.5,,,0.735599995,,,0.11,,0,75.93591009,0.736,1995A&AS..110..553S,9370
36,112846,63414,7.892684123,0.006964983,76.16617408,0.206263735,0.364940457,0.008986547,13.48504871,1.695961465,156.1739705,13.07171656,37.54093627,13.7561038,55724.86637,12.06450351,28.29,102.8574833,77.94232314,4.495504303,75.0491572,2.250697443,,,,,,,,,7.10444537,0.059329865,,A3III,,,,,2.3,0.14,,,,,,,,0.305334,95,95,103.4535,7769.9,0.399599999,-0.5643,87.2292,-0.5643,,0,76.81081496,0.019,2012A&A...537A.120Z,7745
37,114993,64603,60.13058451,0.203958557,242.834139,0.959501207,0.729517522,0.002134767,66.95385441,0.104498271,292.4225261,0.138682985,190.7892028,0.137882572,36212.76975,74.84495659,57.8,122.0661444,100.1001024,16.83365071,95.11942243,2.648263048,,,,,,,,,3.960604909,0.0389073,,F0V,,,,,0.4,0.08,,,0.12,0.06,,,,0.239,44.048,,44.048,7306.9,0.292699993,-0.717,91.9661,-0.717,,0.036,94.97578118,0.024,2018A&A...616A...1G,7393
38,118889,66640,22.49983409,0.013426747,200.726948,0.326236567,0.540775478,0.000657612,44.35857393,0.140446739,357.7669387,0.206101658,36.02903248,0.124824452,25882.32279,19.82514804,56.37,144.3622147,59.98800212,2.087164971,,,,,,,,,,,15.97381463,0.073151693,,F0V,,,,,0.25,0.15,0.6,0.3,,,,,,0.432,130,130,,,0.130099997,,,-0.04,-0.04,0,56.03810591,0.13,2012A&A...537A.120Z,7031
39,127726,71094,29.91054096,0.043925263,204.0113435,0.664855135,0.172469187,0.003803688,148.1884154,0.620197032,45.3580935,2.478098434,13.58613441,1.134382871,45598.12003,38.16222564,196.16,220.6272108,73.63770292,3.741532778,,,,,,,,,,,9.490215672,0.087995715,,A7Vn,,,,,0.21,0.11,1.06,0.21,,,,,,0.317,205,205,,,,,,,,0,69.84215673,0.061,2012A&A...537A.120Z,7430
40,128415,71577,55.98980418,1.974727115,106.7898434,3.106106428,0.233608898,0.020708801,108.1633146,0.487039001,27.66460997,2.737580313,234.6433467,0.376213984,56734.8964,123.9340971,44.8,43.89426032,236.4066183,24.03187875,,,,,,,,,,,0.389640324,0.01228785,,A0IV,,,,,0.88,0.17,,,0.99,0.03,,,,0.177743,282.0416,,282.0416,,0.194900006,,,,,0.11,69.84215673,0.05,2018A&A...616A...1G,9097
41,129246,71577,123.869402,0.176665409,924.3716462,18.33929826,0.985093629,0.000587978,120.7935531,0.686485098,66.78120512,0.581457158,178.5345732,0.259925725,15038.14904,63.99270976,118.58,94.52945873,53.8793119,2.206264963,,,,,,,,,,,51.65514875,3.155128747,,,,,,,0.22,0.18,1.04,0.18,,,,,,0.591,161,161,,,,,,,,0,53.87931034,0.76,2009A&A...501..297Z,8990
42,133484,73637,68.08277102,30.55568944,311.0861023,89.89128028,0.150776165,0.108318399,71.82001097,1.530182308,166.6265875,2.757044998,228.1841945,1.076948659,52000.7837,219.1568148,497.28,174.8682462,55.64830485,2.043844411,59.58800851,0.433544236,,,,,,,,,7.559604757,0.618946472,,F6IV,,,,,2.31,0.3,2.54,0.11,,,,,,0.332698,18,18,19.2803,6411.1,0.122100003,-0.4644,59.9832,-0.4644,0.14,0,59.58765344,0.122,2018A&A...614A..55A,6655
43,133955,74117,70.72662522,0.216584875,259.7533776,2.403910014,0.599687078,0.004596039,70.35685399,0.30619626,304.4971481,0.6556218,24.26556802,0.165989635,50899.8688,47.027803,109.77,168.0571576,238.0952489,37.41497087,,,,,,,,,,,3.499984478,0.100949243,,B3V,,,,,0.83,0.04,,,0.87,0.11,,,,0.269,135,135,,,,,,,,0.11,238.0952381,0.66,2018A&A...616A...1G,9319
44,137798,75790,188.2454601,9.454530382,680.1961806,47.37627564,0.606015734,0.077613898,90.61464963,0.078895743,6.41375687,4.849945644,138.3899542,0.076966594,66790.57787,1627.126884,48.61,101.0253236,58.61664896,3.813861854,,,,,,,,,,,7.948654025,0.480198002,,F6IV,,,,,0.64,0.26,,,1.24,0.22,,,,,4,4,,,,,,0.03,0.03,0,60.48509043,0.018,2011A&A...530A.138C,6312
45,137909,75695,10.52614337,0.002411289,205.2323979,0.046721344,0.538927487,8.54E-05,111.4476644,0.005920952,179.8188067,0.025815382,147.9276451,0.014640106,44422.52676,3.510511582,12.3,,,,,,,,,,,,,,78.01874243,0.049691676,,,,,,,,,,,,,,,,,,,,,,,,,,,,,,
46,140159,76852,21.95239667,0.020189602,212.2570626,0.464040281,0.1042989,0.003440056,83.64422345,0.029563829,78.82764609,2.118905841,69.73862844,0.029925782,54132.34614,57.54072934,17.97,185.8665091,58.27505879,2.275308317,,,,,,,,,,,19.83083298,0.145407331,,A1V,,,,,0.05,0.08,0.49,0.19,,,,,,0.437,95,95,120.5492,,,,,-0.8,,0,58.27505828,0.67,2016A&A...589A..83G,8100
47,140436,76952,136.5766124,10.9024787,1004.974353,69.33333957,0.513905242,0.01225225,93.51318438,0.246479692,74.84748623,7.925160643,112.0051968,0.203722156,9165.808385,4248.96464,70.11,75.70064558,44.78280356,1.002749747,,,,,,,,,,,49.66617941,2.42021089,,A0V,,,,,1.4,0.29,1.12,0.08,,,,,,0.599,100,100,,,,,,,,0,44.7828034,0.5,2012A&A...537A.120Z,9120
48,144892,79071,56.94569587,0.149212976,296.7492423,1.018302029,0.734844679,0.001482272,82.28053631,0.042678953,157.9935281,0.371015403,197.8997814,0.010717681,58349.52853,1.173354188,29.5,35.34299909,64.68305288,4.853320763,,,,,,,,,,,8.002681007,0.082139135,,F6V,,,,,0.58,0.12,0.92,0.19,0.51,0.04,,,,0.342,7,7,11.3005,,,,,-0.01,-0.01,0,64.68305304,1.16,2011A&A...530A.138C,6314
49,145589,79337,25.24969925,1.501312084,94.42461436,3.864385119,0.875552868,0.002619315,89.02151613,0.044271973,309.9239326,2.05904022,264.9677674,0.008422582,60248.79487,2.0296371,17.24,41.69974636,162.3376664,15.02150503,211.2780207,29.32743038,,,,,,,,,1.321120573,0.006024616,,A7V,,,,,0.25,0.28,,,0.71,0.03,,,,0.267,110,110,120.3881,7416.9,0.657000005,-0.755,88.5729,-0.755,,0.068,162.3376623,0.57,2012A&A...537A.120Z,7499
50,148283,80460,93.16645275,5.719698911,406.5382608,18.26732188,0.733189066,0.010894954,96.60762412,0.183662082,295.6607931,1.782482864,177.6089227,0.544298964,47908.58275,46.08128316,111.97,168.6763556,74.46016212,2.273169435,75.81328704,0.710410087,,,,,,,,,7.706548039,0.092393137,,A5V,,,,,2.7,,2.34,0.11,,,,,,0.374742,260,260,,,0.123599999,,,,,0,75.81501137,0.124,2012A&A...537A.120Z,8279
51,153370,83321,196.5146786,19.13528277,310.4889373,21.72068413,0.185652308,0.054201622,85.13596186,0.252531852,165.953303,16.06863476,13.48128648,0.479221342,51172.16001,2946.495248,140.2,187.2108352,104.4932113,9.39019499,,,,,,,,,,,0.786517065,0.033429138,,A9III,,,,,0.28,0.08,,,0.21,0.16,,,,0.274,,,,,,,,,,0.035,104.4932079,0.86,2003AJ....125..359W,7450
52,154569,83845,252.7057412,27.42320864,502.6748917,26.84537706,0.876405392,0.024894613,107.2815245,2.116433756,129.6271539,3.832220391,168.0929713,3.083589588,50316.7366,1401.09645,71.66,164.0163837,137.174212,16.74692007,120.4833793,5.825369184,,,,,,,,,2.106191308,0.575100145,,A5IV,0.81,0.15,0.73,0.15,0.63,0.16,,,0.65,0.09,,,,0.189,164.5484,,164.5484,7648.5,0.401300013,-0.6658,91.1829,-0.6658,,0.035,137.1742112,0.89,2020AJ....160...83S,7475
53,156190,84979,1019.117327,130.8386688,714.0489653,27.73894422,0.84927456,0.009954337,96.47207391,0.65931406,17.52736766,7.639592296,293.2597064,0.459072054,5647791.786,716703.4988,30.67,91.08982281,404.8582949,81.95511948,313.008639,18.15465709,,,,,,,,,0.338790845,0.080529364,,B8/9V,,,,,0.4,0.5,,,0.16,0.04,,,,0.251,65.3513,,65.3513,,0.185299993,,,0.14,,0.165,404.8582996,0.5,2012A&A...537A.120Z,10423
54,158140,85521,332.9869669,7.396903896,662.5550795,9.912855525,0.856455432,0.002545427,52.16734209,0.400104971,128.8321646,0.508071578,131.1454092,0.726896225,56555.16659,27.63414844,164.1,186.8762224,103.6269471,14.92657624,,,,,,,,,,,2.620869065,0.058754784,,F3IV/V,,,,,0.34,0.16,,,0.3,0.09,,,,0.241,13.7,13.7,,,,,,-0.16,-0.16,0.036,93.21401939,1.071,2011A&A...530A.138C,6745
55,160935,86596,90.34779671,4.618158034,324.3897508,12.20977382,0.92051503,0.017984632,74.06726754,1.793064382,65.47625843,3.681855749,179.1943154,0.543570414,61799.99748,75.51697726,26.98,67.47916676,89.84725873,5.247144244,120.8108826,5.554959599,,,,,,,,,85.03079889,9.607691357,,F8IV,,,,,0.92,0.37,1.58,0.15,,,,,,0.347,14,14,11.6814,,0.380600005,,,0.06,0.06,0,89.84725966,0.65,2020AJ....159...90S,6199
56,163346,87761,29280.48378,2513.513742,5099.049782,275.4636515,0.980787122,0.001146807,127.9523478,1.640541879,182.3297244,2.377873452,122.5306719,4.211698541,58420.01748,515.188611,45.3,95.57842108,226.7573775,39.07836977,235.0783986,16.50671591,,,,,,,,,84.48486303,12.62008991,,A2IV+G/K,,,,,0.3,0.16,2.17,0.12,2.34,0.08,,,,0.414,5.8695,,5.8695,,0.125499994,,,0.23,,0.11,226.7573696,0.76,2019A&A...627A.138A,7049
57,166045,88818,16.57429616,0.018709743,147.5088591,0.232728804,0.911284693,0.000353098,16.20443921,0.657731242,2.59E-09,1.35007688,144.8853265,1.31581916,70853.0238,13.65799021,51.42,209.2506954,49.60317498,8.045753098,63.88674158,0.5122302,,,,,,,,,11.65680683,0.051696435,,A3V,3.57,0.15,2.58,0.15,2.5,0.3,2.12,0.13,,,,,,0.272544,170,170,,,,,,,,0,63.88551715,0.125,2012A&A...537A.120Z,8204
58,173093,91880,7.186364348,0.102482767,75.14797932,2.568624546,0.562800147,0.019963917,106.3564454,0.878411003,249.2340014,2.853318676,288.2079884,0.332451423,55393.32761,54.72590902,275.32,33.28996486,73.80073697,2.342016013,,,,,,,,,,,8.292386384,0.85011991,y,F7V,,,,,0.58,0.16,0.78,0.24,,,,,,0.385101,22,22,,6265.7,0.071800001,-0.298,70.3498,-0.298,0.02,0,72.56367462,0.072,2013MNRAS.435..952S,6268
59,178475,93903,48.59873839,0.565034338,76.64113864,0.978546177,0.217612295,0.018121056,127.0930413,0.908924827,86.96702569,4.407130717,203.6348928,1.081397043,61525.03769,143.4408658,70.91,57.82576812,274.7252668,15.09479467,294.7070612,19.64597933,,,,,,,,,0.337851244,0.040039908,,B6IV,1.94,0.15,1.78,0.15,1.53,0.07,1.81,0.09,,,,,,0.219491,195,195,,,0.2262,,,,,0.143,274.7252747,0.2,2012A&A...537A.120Z,13428
60,179950,94643,19.91959824,0.052979559,134.3224011,1.25148265,0.497,0.014,80.61809894,0.842534197,8.862213373,4.425201114,287.5819311,0.58320421,57041.72314,87.71706698,300.9,194.1837902,91.49130577,2.59490432,93.75498073,3.146818806,,,,,,,,,6.122306681,0.1683023,,K0/1III,,,,,0.39,0.33,2.19,0.15,,,,,,1.238,7,7,10.4084,,0.35800001,,,,,0,93.75585974,0.358,2018A&A...616A...1G,6028
61,185404,96729,47.8925807,0.449850267,198.3919666,1.724731518,0.0594,0.0201,93.3841697,0.15924429,48.92292351,16.71937216,328.5463865,0.089979991,44989.68647,828.7184515,660.88,189.322384,98.716682,7.6010867,,,,,,,,,,,3.36293555,0.14034004,,A0V,,,,,0.7,0.09,,,0.85,0.13,,,,0.182,150,150,140.6742,,,,,,,0,98.71668312,0.78,2012A&A...537A.120Z,9795
62,185762,96807,10.20442554,0.022797697,68.48498769,0.233477882,0.472324564,0.003766748,153.1858508,0.604075577,80.29145473,0.330624103,264,0.531,56383.03625,7.913602139,26.91,38.9714669,107.991358,8.163493246,103.3805438,1.714280942,,,,,,,,,3.083381089,0.036928908,*,A2V,,,,,1.65,0.23,1.53,0.15,,,,,,0.294333,65,65,88.0774,9373.8,0.160400003,0.7187,118.2622,0.7187,,0.034,107.9913607,0.7,2012A&A...537A.120Z,9016
63,189037,98055,28.35008116,0.081751293,176.2751211,8.115905,0.902714318,0.009082643,104.940954,0.748149996,277.1605436,0.30923774,197.4493151,0.340855074,67392.4409,42.78295647,30.45,76.79448981,86.28127583,2.828894217,,,,,,,,,,,6.811040849,0.941206176,,A4Vn,0.6,0.15,0.45,0.15,0.5,0.08,0.65,0.16,,,,,,0.448,190,190,,8358,0.316799998,0.0535,109.9929,0.0535,-0.01,0,87.05493166,0.035,2012A&A...537A.120Z,8128
64,189340,98416,4.872796857,0.001503335,154.2322726,0.072434605,0.606026278,0.001184948,22.41109793,0.271979516,134.3391641,0.490799547,151.2672866,0.513193078,45250.34559,4.222965129,34.91,189.0049338,22.20248623,0.488020895,,,,,,,,,,,154.5132575,0.193782058,,F9V,1.48,0.15,1.25,0.15,1.51,0.14,1.19,0.16,,,,,,0.54,1,1,,,,,,-0.29,,0,22.20248668,0.99,2017AJ....153...21L,5947
65,195206,101211,97.48795089,19.4315552,168.7042186,16.53549691,0.811064446,0.01678779,109.5146416,1.290500797,334.5766057,11.60038694,291.2794799,2.147723272,60130.12476,39.90798524,45.01,21.54657756,209.2050117,25.82237364,,,,,,,,,,,0.507525152,0.065594058,,A5V,,,,,2.47,0.28,,,2.53,0.06,,,,0.266,85,85,98.0102,,0.149100006,,,,,0.075,209.2050209,0.59,2012A&A...537A.120Z,7727
66,196089,101398,119.148189,11.45232694,103.9439019,7.40652615,0.495137802,0.015766452,51.99203462,1.648509199,238.6462075,7.022671891,231.5071947,1.654229849,45771.80779,232.9938606,55.23,127.9735787,458.7155823,63.12599814,,,,,,,,,,,0.082586513,0.002370809,y,A0,0.59,0.15,1.47,0.15,,,2.91,0.09,,,,,,0.462866,50,50,12.5101,6230.2,0.501299977,-2.1078,189.0006,-2.1078,,0.283,458.7155963,0.3,2014ApJ...791...58A,4841
67,196867,101958,16.84753356,0.01898681,167.5965957,0.434045359,0.471696411,0.003117666,150.815977,0.420721912,106.2083035,0.840936921,129.5936552,1.059648103,45747.41595,14.74915229,920,193.4224054,77.82100936,2.664688165,72.8342729,1.85775191,,,,,,,,,16.58654179,0.123007202,y,B9IV,2.41,0.15,2.09,0.15,2.26,0.14,2.42,0.3,,,,,,0.514,140,140,,,0.350199997,,,,,0,72.83321194,0.35,2009A&A...501..297Z,11220
68,198183,102589,11.79776135,0.020219413,43.41343853,0.303863187,0.476940377,0.009907536,153.2384957,0.77872561,258.0122825,3.342274796,127.9147297,3.26193016,45172.13759,18.29641896,21.34,57.4287359,235.8490693,23.91865731,,,,,,,,,,,0.58703598,0.01112698,,B5V,2.09,0.15,2.12,0.15,,,2.11,0.21,,,,,,0.287,100,100,,14511.9,0.215200007,0.7368,238.5469,0.7368,,0.102,252.3340903,0.068,2001A&A...378..861C,15241
69,199766,103569,102.1328859,2.321490351,595.2500099,4.419021239,0.709392034,0.002528095,92.31937497,0.020102457,347.566235,1.649673563,106.0046607,0.029897187,23288.36044,856.3878581,286.81,100.9927879,54.08328893,3.948752961,,,,,,,,,,,20.15758519,0.48364489,y,F5V+F6V,0.25,0.15,0.34,0.15,0.52,0.13,0.59,0.14,0.52,0.05,,,,0.654,52,52,,,,,,0.01,0.01,0,55.04183179,0.022,2011A&A...530A.138C,6432
70,201038,104272,342.885794,13.02081757,572.5663475,10.22318719,0.660271734,0.007859538,87.20894572,0.088186469,303.5571704,2.1483139,269.1576912,0.140929713,34415.90782,399.2161436,19.5,42.6471258,117.6470588,11.2110727,140.2721279,3.413832851,,,,,,,,,1.583961383,0.114607266,,A1V,0.73,0.15,0.58,0.15,0.76,0.11,,,0.46,0.04,,,,0.169,15.1298,,15.1298,7665.7,0.173500001,-1.1888,120.3214,-1.1888,,0.031,117.6470588,0.81,2018A&A...616A...1G,7691
71,206901,107354,11.68664071,0.072834932,220.9651652,4.208509816,0.163060014,0.033945238,110.1448772,0.717459609,314.5391411,6.440077405,294.10876,1.073250019,52321.71245,89.02530355,526.72,176.9905349,34.22313564,0.866705041,,,,,,,,,,,80.18713019,5.716823229,y,F5V,,,,,,,0.7,0.3,,,,,,1.019,20,20,,,,,,0.06,0.06,0,117.6470588,0.81,2011A&A...530A.138C,6636
72,217676,113726,104.2357173,1.858587347,288.4846679,2.520791942,0.282807453,0.00864252,108.0694996,0.147035027,146.3405016,1.155124076,4.367096027,0.270750796,55534.45015,113.6263149,751.72,200.4027856,210.5263158,23.49030344,107.4679477,6.677839624,,,,,,,,,2.209355689,0.028638188,,B6IV/V,2.27,0.15,2.3,0.15,2.21,0.11,3.27,0.25,,,,,,0.455,200,200,,,0.578199983,,,,,0.09,117.6470588,0.81,NA,0
73,217782,113788,73.60453989,0.425552843,248.1258904,0.98980862,0.828294688,0.000664774,37.45224595,0.045143234,228.3313263,0.065235556,297.6788988,0.072432194,59708.6027,0.280691212,32.23,41.51150818,129.1989702,8.513110534,,,,,,,,,,,2.8196834,0.002499437,,A1V,2.17,0.15,2.12,0.15,2.9,0.7,2.06,0.08,,,,,,0.378,195,195,207.753,9439.9,0.405499995,-0.0409,112.9289,-0.0409,,0.033,129.1989664,0.51,2012A&A...537A.120Z,8954
74,220278,115404,67.20325245,0.309708237,437.9346889,2.038946203,0.192777282,0.002587905,79.4020804,0.075784031,327,1.24,275.1759509,0.062080812,51675.02808,82.51549049,2622.91,153.3273946,65.35947631,3.374770395,,,,,,,,,,,18.60044525,0.203643265,y,A3V,1.09,0.15,1.47,0.15,1.1,0.11,1.36,0.09,1.2,0.1,,,,0.418,160,160,,,,,,,,0,65.35947712,0.79,2012A&A...537A.120Z,7586
75,224512,118205,62.71698989,0.845288733,195.7868432,1.479457326,0.147352543,0.019131303,105.6550339,0.193794947,257.1577421,4.72526761,16.96595483,0.467916511,51877.7697,261.657101,94.15,177.5673524,117.7856333,12.06990628,,,,,,,,,,,1.911247362,0.02563909,,F2V,0.71,0.15,0.71,0.15,0.8,0.11,,,1.27,0.19,,,,0.355,32.6,32.6,,,,,,-0.26,-0.26,0.026,117.7856302,0.87,2018A&A...616A...1G,6892